{
  "version": "4.1",
  "timestamp": "20260206_180436",
  "ensemble_ndcg": 0.6668367987224277,
  "baseline_ndcg": 0.6784471798827447,
  "mejora_porcentual": -1.7113168872370572,
  "ensemble_mejor": false,
  "n_features": 12,
  "n_samples_train": 6894,
  "n_samples_test": 1593,
  "n_races_train": 570,
  "n_races_test": 143
}